blockNumber,blockHash,timeStamp,hash,nonce,transactionIndex,from,to,value,gas,gasPrice,input,methodId,functionName,contractAddress,cumulativeGasUsed,txreceipt_status,gasUsed,confirmations,isError,wallet_address
8472545,0x671c321d574442aa6d5201f10248038051b0fcadf74438105e53b6dea20b5d40,1567451347,0x1c61798644a09960097e8d16570248b3e899e5437ca3ef15febcf67a10a4017d,696,24,0x0039f22efb07a647557c7c5d17854cfd6d489ef3,0x3d9819210a31b4961b30ef54be2aed79b9c9cd3b,0,450000,2100000000,0xc2998238000000000000000000000000000000000000000000000000000000000000002000000000000000000000000000000000000000000000000000000000000000070000000000000000000000006c8c6b02e7b2be14d4fa6022dfd6d75921d90e4e000000000000000000000000f5dce57282a584d2746faf1593d3121fcac444dc0000000000000000000000004ddc2d193948926d02f9b1fe9e1daa0718270ed5000000000000000000000000158079ee67fce2f58472a96584a73c7ab9ac95c100000000000000000000000039aa39c021dfbae8fac545936693ac917d5e7563000000000000000000000000c11b1268c1a384e55c48c2391d8d480264a3a7f4000000000000000000000000b3319f5d18bc0d84dd1b4825dcde5d5f7266d407,0xc2998238,enterMarkets(address[] cTokens),,7806165,1,389445,14531039,0,0x0039f22efb07a647557c7c5d17854cfd6d489ef3
12638082,0x5a59fe6c7f852b764f6fe457adffe78b6ed4743f9a7a3cdcf77a1d21dcd05847,1623747230,0x92f15ab0d56f9676d90da9778568e957e891811974ca0ce3f52396b26c7e0281,1503,56,0x0039f22efb07a647557c7c5d17854cfd6d489ef3,0x3d9819210a31b4961b30ef54be2aed79b9c9cd3b,0,202020,20500000000,0x1c3db2e00000000000000000000000000039f22efb07a647557c7c5d17854cfd6d489ef3000000000000000000000000000000000000000000000000000000000000004000000000000000000000000000000000000000000000000000000000000000010000000000000000000000005d3a536e4d6dbd6114cc1ead35777bab948e3643,0x1c3db2e0,"claimComp(address holder, address[] cTokens)",,3681900,1,141766,10365503,0,0x0039f22efb07a647557c7c5d17854cfd6d489ef3
11730522,0xe53e2e554f6e77939f128d84c4c2a53b09270641c0d800b0f48e8beca631cfd8,1611653926,0x7c8ad6db032be663eba75020b3d3d4165385062ebdbf682599d72bbfd2d182b2,21,114,0x1c1b30ca93ef57452d53885d97a74f61daf2bf4f,0x3d9819210a31b4961b30ef54be2aed79b9c9cd3b,0,112020,66000000000,0xc2998238000000000000000000000000000000000000000000000000000000000000002000000000000000000000000000000000000000000000000000000000000000010000000000000000000000004ddc2d193948926d02f9b1fe9e1daa0718270ed5,0xc2998238,enterMarkets(address[] cTokens),,9425945,1,90854,11273064,0,0x1c1b30ca93ef57452d53885d97a74f61daf2bf4f
11743162,0xba7b714a6cf677eb656dfb6975aaf7ae36d4c632fe8977952ff66a55e1dfeea8,1611821593,0x5514bca3a9bfb9666ce3ad6f4d63c764de8ed7e042b51117bfe23c4af1638548,31,99,0x1c1b30ca93ef57452d53885d97a74f61daf2bf4f,0x3d9819210a31b4961b30ef54be2aed79b9c9cd3b,0,92020,56000000000,0xc299823800000000000000000000000000000000000000000000000000000000000000200000000000000000000000000000000000000000000000000000000000000001000000000000000000000000b3319f5d18bc0d84dd1b4825dcde5d5f7266d407,0xc2998238,enterMarkets(address[] cTokens),,8004131,1,75854,11260424,0,0x1c1b30ca93ef57452d53885d97a74f61daf2bf4f
11743166,0x1efdd46a6a4eddefdcf16871a7c92c062fef1e3958ac6f56e3320f8b021779a7,1611821648,0xa7bbbb8681daae992fff604421404b61d01a9bdfca101c212b5da3a2fd4c64b7,32,151,0x1c1b30ca93ef57452d53885d97a74f61daf2bf4f,0x3d9819210a31b4961b30ef54be2aed79b9c9cd3b,0,92020,55000000000,0xc29982380000000000000000000000000000000000000000000000000000000000000020000000000000000000000000000000000000000000000000000000000000000100000000000000000000000035a18000230da775cac24873d00ff85bccded550,0xc2998238,enterMarkets(address[] cTokens),,10852103,1,75842,11260420,0,0x1c1b30ca93ef57452d53885d97a74f61daf2bf4f
8462834,0x82deb6396c8a7a7aed382ec11fb3fff11bfe156e51015208c143ae5f5ffa8111,1567319677,0x23b828dbf408da36da695d1b0d0dabca0890b640a0004ab696be179fc698beb2,1,61,0x330513970efd9e8dd606275fb4c50378989b3204,0x3d9819210a31b4961b30ef54be2aed79b9c9cd3b,0,450000,2050000000,0xc2998238000000000000000000000000000000000000000000000000000000000000002000000000000000000000000000000000000000000000000000000000000000070000000000000000000000006c8c6b02e7b2be14d4fa6022dfd6d75921d90e4e000000000000000000000000f5dce57282a584d2746faf1593d3121fcac444dc0000000000000000000000004ddc2d193948926d02f9b1fe9e1daa0718270ed5000000000000000000000000158079ee67fce2f58472a96584a73c7ab9ac95c100000000000000000000000039aa39c021dfbae8fac545936693ac917d5e7563000000000000000000000000c11b1268c1a384e55c48c2391d8d480264a3a7f4000000000000000000000000b3319f5d18bc0d84dd1b4825dcde5d5f7266d407,0xc2998238,enterMarkets(address[] cTokens),,2773266,1,389445,14540754,0,0x330513970efd9e8dd606275fb4c50378989b3204
9006545,0x0673a0ee1a43e17b5a7279bf0a2252f7fc0e0c893a5b8d517c3987f285610e50,1574807051,0xc4dd13821bbab177b708a771bcb43142c0e0a57269d2db0b21557cb60efea220,27,80,0x427f2ac5fdf4245e027d767e7c3ac272a1f40a65,0x3d9819210a31b4961b30ef54be2aed79b9c9cd3b,0,593069,5550000000,0xc2998238000000000000000000000000000000000000000000000000000000000000002000000000000000000000000000000000000000000000000000000000000000070000000000000000000000006c8c6b02e7b2be14d4fa6022dfd6d75921d90e4e000000000000000000000000f5dce57282a584d2746faf1593d3121fcac444dc0000000000000000000000004ddc2d193948926d02f9b1fe9e1daa0718270ed5000000000000000000000000158079ee67fce2f58472a96584a73c7ab9ac95c100000000000000000000000039aa39c021dfbae8fac545936693ac917d5e7563000000000000000000000000c11b1268c1a384e55c48c2391d8d480264a3a7f4000000000000000000000000b3319f5d18bc0d84dd1b4825dcde5d5f7266d407,0xc2998238,enterMarkets(address[] cTokens),,6161258,1,389960,13997044,0,0x427f2ac5fdf4245e027d767e7c3ac272a1f40a65
9102338,0x838025db9e0dfd2a4026224e68e3a1b8ed969d3368c82c3bc7d5f3565699684e,1576277138,0x9cb497a5034a3ddc790c40196eb567481be83c55219726eb9890751d0be95a77,29,2,0x427f2ac5fdf4245e027d767e7c3ac272a1f40a65,0x3d9819210a31b4961b30ef54be2aed79b9c9cd3b,0,117290,4550000000,0xc2998238000000000000000000000000000000000000000000000000000000000000002000000000000000000000000000000000000000000000000000000000000000010000000000000000000000005d3a536e4d6dbd6114cc1ead35777bab948e3643,0xc2998238,enterMarkets(address[] cTokens),,342934,1,77530,13901251,0,0x427f2ac5fdf4245e027d767e7c3ac272a1f40a65
16379664,0xef807a456791cf182d0d08812f9e694a4d3324c2f5a40a2d84582592ba184f5f,1673393015,0xeb678be61a33983d811fa60928e1eacc181fd211c3882135ee3092a258074738,134,86,0x427f2ac5fdf4245e027d767e7c3ac272a1f40a65,0x3d9819210a31b4961b30ef54be2aed79b9c9cd3b,0,102020,27413784551,0xc29982380000000000000000000000000000000000000000000000000000000000000020000000000000000000000000000000000000000000000000000000000000000100000000000000000000000070e36f6bf80a52b3b46b3af8e106cc0ed743e8e4,0xc2998238,enterMarkets(address[] cTokens),,9952345,1,81543,6623925,0,0x427f2ac5fdf4245e027d767e7c3ac272a1f40a65
11149156,0xbf661a766c703975c92ca2189ef77a9fc89e3d3c5b35dbdcd9d3f9be73c9de4c,1603941520,0x247e843408082b34255d6eda64eb55fd352214c1453e6b138bb0aae385a3942e,13,132,0x4814be124d7fe3b240eb46061f7ddfab468fe122,0x3d9819210a31b4961b30ef54be2aed79b9c9cd3b,0,112020,41000001459,0xc2998238000000000000000000000000000000000000000000000000000000000000002000000000000000000000000000000000000000000000000000000000000000010000000000000000000000004ddc2d193948926d02f9b1fe9e1daa0718270ed5,0xc2998238,enterMarkets(address[] cTokens),,8995347,1,92609,11854433,0,0x4814be124d7fe3b240eb46061f7ddfab468fe122
11149237,0xa2f18b7f2cf182be0a25d39da766308c55b3d15bb3317900fdd1c34162ca7b56,1603942510,0x32549cbe940cd61aaa1bf802b097fe74a7d320c49d1ea70c78b0700cf5415bfb,16,208,0x4814be124d7fe3b240eb46061f7ddfab468fe122,0x3d9819210a31b4961b30ef54be2aed79b9c9cd3b,0,92020,37000000000,0xc2998238000000000000000000000000000000000000000000000000000000000000002000000000000000000000000000000000000000000000000000000000000000010000000000000000000000005d3a536e4d6dbd6114cc1ead35777bab948e3643,0xc2998238,enterMarkets(address[] cTokens),,12405695,1,77609,11854352,0,0x4814be124d7fe3b240eb46061f7ddfab468fe122
11149238,0xce3a9d06ba434cc6034fafa11901bee512c9f016978cd7c949c789536f36ba31,1603942511,0x31ef199b9635d4f26d067adb1a4a11b75b8a8646d357a4ff6a65d030fb0ad49e,17,18,0x4814be124d7fe3b240eb46061f7ddfab468fe122,0x3d9819210a31b4961b30ef54be2aed79b9c9cd3b,0,92020,37000001459,0xc29982380000000000000000000000000000000000000000000000000000000000000020000000000000000000000000000000000000000000000000000000000000000100000000000000000000000039aa39c021dfbae8fac545936693ac917d5e7563,0xc2998238,enterMarkets(address[] cTokens),,1570714,1,77609,11854351,0,0x4814be124d7fe3b240eb46061f7ddfab468fe122
11149866,0x3cdfa712a1bb9105ad9010a3a424acebd9deb1f99891a5dac14c271ee3497edf,1603950712,0x09e461403f6d8c20e943fe67d29ea283d37169fe3097c7eafe54f1bdd260087b,32,101,0x4814be124d7fe3b240eb46061f7ddfab468fe122,0x3d9819210a31b4961b30ef54be2aed79b9c9cd3b,0,92020,18900000000,0xc29982380000000000000000000000000000000000000000000000000000000000000020000000000000000000000000000000000000000000000000000000000000000100000000000000000000000070e36f6bf80a52b3b46b3af8e106cc0ed743e8e4,0xc2998238,enterMarkets(address[] cTokens),,6516759,1,77609,11853723,0,0x4814be124d7fe3b240eb46061f7ddfab468fe122
11160848,0x84ca04272c11b819469adbce4f750fde0e1244902197f8ee1dcbdc3170321a98,1604097101,0x12f21791d16fa6d7cc131aff4a7eb9bfd4595e0da0b5b530c666f4f90d3221cb,35,79,0x4814be124d7fe3b240eb46061f7ddfab468fe122,0x3d9819210a31b4961b30ef54be2aed79b9c9cd3b,0,352020,16500000000,0xede4edd00000000000000000000000004ddc2d193948926d02f9b1fe9e1daa0718270ed5,0xede4edd0,exitMarket(address cTokenAddress),,7612005,1,252003,11842741,0,0x4814be124d7fe3b240eb46061f7ddfab468fe122
11162299,0x5ab302bc55ff0ed9adaa2434d01412b5ea775f2cae07173baedf84799c0cb22a,1604115904,0xaea72ebf30347058f233f960bb6683dfed519881a6a6a387d65e007ff920dc28,41,78,0x4814be124d7fe3b240eb46061f7ddfab468fe122,0x3d9819210a31b4961b30ef54be2aed79b9c9cd3b,0,1242020,17000000000,0xe9af02920000000000000000000000004814be124d7fe3b240eb46061f7ddfab468fe122,0xe9af0292,claimComp(address holder),,4851592,1,987313,11841290,0,0x4814be124d7fe3b240eb46061f7ddfab468fe122
11166736,0x3223174c63e10cf89bdc46cd2b8b98232b3581b0f97502f790f0c0a66c27a5b9,1604174873,0xd866578bccd8e2dd6a3ef6545d02918221f5ed734bb1c00ef2417f46572fe06d,47,80,0x4814be124d7fe3b240eb46061f7ddfab468fe122,0x3d9819210a31b4961b30ef54be2aed79b9c9cd3b,0,52020,16000000000,0xede4edd0000000000000000000000000c11b1268c1a384e55c48c2391d8d480264a3a7f4,0xede4edd0,exitMarket(address cTokenAddress),,11099557,1,40914,11836853,0,0x4814be124d7fe3b240eb46061f7ddfab468fe122
11168313,0xcdb8cb1dc38b26af83e76abdeddaff7a929d35e517fa10559c8aafc12f01150d,1604195509,0xafd2d396e2ec4a0839e80ef6d5da173b65838f2036bf5df82ca6b85603cdbea9,55,135,0x4814be124d7fe3b240eb46061f7ddfab468fe122,0x3d9819210a31b4961b30ef54be2aed79b9c9cd3b,0,52020,14000000000,0xede4edd0000000000000000000000000c11b1268c1a384e55c48c2391d8d480264a3a7f4,0xede4edd0,exitMarket(address cTokenAddress),,9766766,1,40914,11835276,0,0x4814be124d7fe3b240eb46061f7ddfab468fe122
11168581,0x6ab6df322b54ce5586bc4e8fa02851357bfb5898aec98ec23282324c0463fff4,1604198936,0x1e4b2f32b8b464883811040fe2ae6b80cc4e63240a470aaf3e57f8acf0edb676,59,23,0x4814be124d7fe3b240eb46061f7ddfab468fe122,0x3d9819210a31b4961b30ef54be2aed79b9c9cd3b,0,52020,13901065901,0xede4edd0000000000000000000000000c11b1268c1a384e55c48c2391d8d480264a3a7f4,0xede4edd0,exitMarket(address cTokenAddress),,12439069,1,40914,11835008,0,0x4814be124d7fe3b240eb46061f7ddfab468fe122
11168610,0xd6b56037a8cd8f7aa101d2d9fafdf9d57f6028bc927427dfa5391a295cb8140c,1604199406,0x7199618d408af931c42a204106100358e2814c43fccae03eae5443b46c2fd8c8,60,117,0x4814be124d7fe3b240eb46061f7ddfab468fe122,0x3d9819210a31b4961b30ef54be2aed79b9c9cd3b,0,52020,16917924562,0xede4edd0000000000000000000000000c11b1268c1a384e55c48c2391d8d480264a3a7f4,0xede4edd0,exitMarket(address cTokenAddress),,7659577,1,40914,11834979,0,0x4814be124d7fe3b240eb46061f7ddfab468fe122
11168721,0x7628b0718b1421b8f1b437ae6f6b75953e99634957cd17c945da3c6ad46b7a8a,1604201031,0xb56a9598568b42c8e4317d2e4146c3ccaba40186e0eb7e1fa0c72ac098e38b0a,62,98,0x4814be124d7fe3b240eb46061f7ddfab468fe122,0x3d9819210a31b4961b30ef54be2aed79b9c9cd3b,0,52020,16600000000,0xede4edd0000000000000000000000000c11b1268c1a384e55c48c2391d8d480264a3a7f4,0xede4edd0,exitMarket(address cTokenAddress),,8981594,1,40914,11834868,0,0x4814be124d7fe3b240eb46061f7ddfab468fe122
11169407,0xdf2bf3ff32d61c6e238afbfc4bde450c9ec93948f324be32a682955ebeb4cb82,1604210357,0x583022ec31ad06504864d22a4dad9ab9907f01e029ea300988968d9164a0dbb8,68,117,0x4814be124d7fe3b240eb46061f7ddfab468fe122,0x3d9819210a31b4961b30ef54be2aed79b9c9cd3b,0,92020,13732081630,0xc299823800000000000000000000000000000000000000000000000000000000000000200000000000000000000000000000000000000000000000000000000000000001000000000000000000000000b3319f5d18bc0d84dd1b4825dcde5d5f7266d407,0xc2998238,enterMarkets(address[] cTokens),,11352154,1,77609,11834182,0,0x4814be124d7fe3b240eb46061f7ddfab468fe122
11193622,0xd41c1d2c87bf58bf6a0ab392fdfb3cec3fcf931b5dc098f34c164a35737cb105,1604531405,0xa35272d8f586786dc82e1e6e80508e82dd55527065b130de2036ec6890218d48,95,106,0x4814be124d7fe3b240eb46061f7ddfab468fe122,0x3d9819210a31b4961b30ef54be2aed79b9c9cd3b,0,392020,15400000000,0xede4edd0000000000000000000000000b3319f5d18bc0d84dd1b4825dcde5d5f7266d407,0xede4edd0,exitMarket(address cTokenAddress),,8112344,1,279096,11809967,0,0x4814be124d7fe3b240eb46061f7ddfab468fe122
11193984,0x660e4df3e85d47da2b41ff12d79b63f9583853dee8b91099f30f9810404dcb82,1604536333,0x22ee9afff0412dd1607c1614733bc7e58e3077b1bb173eee1d8890eb416fb6ed,100,57,0x4814be124d7fe3b240eb46061f7ddfab468fe122,0x3d9819210a31b4961b30ef54be2aed79b9c9cd3b,0,1202020,20450000000,0xe9af02920000000000000000000000004814be124d7fe3b240eb46061f7ddfab468fe122,0xe9af0292,claimComp(address holder),,6825741,1,957028,11809605,0,0x4814be124d7fe3b240eb46061f7ddfab468fe122
11204902,0xe3bf83727b9849e8cd31db827d48b14710d04a199fc9e826b9322e21db347a48,1604680493,0x5c5186b2d75a595786870bae3918aebaeebf3d9e1bab82dcbcf3f8432f55f9d2,114,87,0x4814be124d7fe3b240eb46061f7ddfab468fe122,0x3d9819210a31b4961b30ef54be2aed79b9c9cd3b,0,92020,35000000000,0xc299823800000000000000000000000000000000000000000000000000000000000000200000000000000000000000000000000000000000000000000000000000000001000000000000000000000000b3319f5d18bc0d84dd1b4825dcde5d5f7266d407,0xc2998238,enterMarkets(address[] cTokens),,12293514,1,77609,11798687,0,0x4814be124d7fe3b240eb46061f7ddfab468fe122
11441759,0x0623fb743c24f54a7eae12df081bb7a3d9297f8d1e16c3243630cf360a65d99b,1607824493,0x3118053ca798e5a1eb24a658f6d461ace44eba3bfca7cf416222bb7c68f80613,136,103,0x4814be124d7fe3b240eb46061f7ddfab468fe122,0x3d9819210a31b4961b30ef54be2aed79b9c9cd3b,0,392020,21961500000,0xede4edd00000000000000000000000005d3a536e4d6dbd6114cc1ead35777bab948e3643,0xede4edd0,exitMarket(address cTokenAddress),,7303529,1,278123,11561830,0,0x4814be124d7fe3b240eb46061f7ddfab468fe122
11441759,0x0623fb743c24f54a7eae12df081bb7a3d9297f8d1e16c3243630cf360a65d99b,1607824493,0x7ebcc7b57e2634b12474b2abcb244a896705bf20831db0f45ae5338ba50ab704,137,129,0x4814be124d7fe3b240eb46061f7ddfab468fe122,0x3d9819210a31b4961b30ef54be2aed79b9c9cd3b,0,382020,21900000000,0xede4edd000000000000000000000000039aa39c021dfbae8fac545936693ac917d5e7563,0xede4edd0,exitMarket(address cTokenAddress),,10269293,1,238804,11561830,0,0x4814be124d7fe3b240eb46061f7ddfab468fe122
11441761,0xa4ac668bb2653f2f9ed7115454abc9d1e6b25007066765c0b5ef0b5ace1176d6,1607824524,0x7c334c26bcd8bec9a052507a17e18b42da5f1e9dfd9134b1c4f5fd772f6d8264,138,90,0x4814be124d7fe3b240eb46061f7ddfab468fe122,0x3d9819210a31b4961b30ef54be2aed79b9c9cd3b,0,372020,21961500000,0xede4edd0000000000000000000000000b3319f5d18bc0d84dd1b4825dcde5d5f7266d407,0xede4edd0,exitMarket(address cTokenAddress),,6815359,1,207102,11561828,0,0x4814be124d7fe3b240eb46061f7ddfab468fe122
11441823,0xa2ac71c00b4658da7ac546e0a00efdf9bfc733689d88f722b22a21fa310bc29e,1607825434,0xf4477f2a4bfda8bbe2f21d68227a822f11f923604006d8c42e63c306acf45b6c,141,126,0x4814be124d7fe3b240eb46061f7ddfab468fe122,0x3d9819210a31b4961b30ef54be2aed79b9c9cd3b,0,312020,24000000000,0xede4edd000000000000000000000000070e36f6bf80a52b3b46b3af8e106cc0ed743e8e4,0xede4edd0,exitMarket(address cTokenAddress),,10156262,1,216540,11561766,0,0x4814be124d7fe3b240eb46061f7ddfab468fe122
11441823,0xa2ac71c00b4658da7ac546e0a00efdf9bfc733689d88f722b22a21fa310bc29e,1607825434,0x53cd9aa43ecf2c3f8b201dc52d5078d78afb58b8058790f561c9e6fd49bdc2c3,142,141,0x4814be124d7fe3b240eb46061f7ddfab468fe122,0x3d9819210a31b4961b30ef54be2aed79b9c9cd3b,0,302020,24000000000,0xede4edd00000000000000000000000004ddc2d193948926d02f9b1fe9e1daa0718270ed5,0xede4edd0,exitMarket(address cTokenAddress),,11504740,1,172868,11561766,0,0x4814be124d7fe3b240eb46061f7ddfab468fe122
11441872,0x848da5197157b7d2120e7d32f942cc61777103f01e446ebc23b737bba4fe27fb,1607826183,0x7ed353110a0c9652945a704f8297688884ca63b088db566a2fbf497819d8d553,147,156,0x4814be124d7fe3b240eb46061f7ddfab468fe122,0x3d9819210a31b4961b30ef54be2aed79b9c9cd3b,0,92020,22000001459,0xc29982380000000000000000000000000000000000000000000000000000000000000020000000000000000000000000000000000000000000000000000000000000000100000000000000000000000039aa39c021dfbae8fac545936693ac917d5e7563,0xc2998238,enterMarkets(address[] cTokens),,12296491,1,75943,11561717,0,0x4814be124d7fe3b240eb46061f7ddfab468fe122
11441872,0x848da5197157b7d2120e7d32f942cc61777103f01e446ebc23b737bba4fe27fb,1607826183,0xc11dde8054bb2319ef326fdbf8c47ccf8f4c4e149e249f95bafbd8fe6a0d9563,148,157,0x4814be124d7fe3b240eb46061f7ddfab468fe122,0x3d9819210a31b4961b30ef54be2aed79b9c9cd3b,0,92020,22220000000,0xc2998238000000000000000000000000000000000000000000000000000000000000002000000000000000000000000000000000000000000000000000000000000000010000000000000000000000005d3a536e4d6dbd6114cc1ead35777bab948e3643,0xc2998238,enterMarkets(address[] cTokens),,12372434,1,75943,11561717,0,0x4814be124d7fe3b240eb46061f7ddfab468fe122
11441872,0x848da5197157b7d2120e7d32f942cc61777103f01e446ebc23b737bba4fe27fb,1607826183,0xab62414fa814c6398cffa82422cd1d8aa5d5ccac4454113fb12afa397530e7fe,149,158,0x4814be124d7fe3b240eb46061f7ddfab468fe122,0x3d9819210a31b4961b30ef54be2aed79b9c9cd3b,0,92020,23000001459,0xc29982380000000000000000000000000000000000000000000000000000000000000020000000000000000000000000000000000000000000000000000000000000000100000000000000000000000070e36f6bf80a52b3b46b3af8e106cc0ed743e8e4,0xc2998238,enterMarkets(address[] cTokens),,12448377,1,75943,11561717,0,0x4814be124d7fe3b240eb46061f7ddfab468fe122
11441894,0x5ecd4a9ebbbf65c29d9d7c2f449ab5361cff8253b435bc0abf3beefd872d1299,1607826501,0xda3bcb6d5b772ecaefb93856eebfb53259fe3f6be5c88307378e2b9bc48b0380,150,104,0x4814be124d7fe3b240eb46061f7ddfab468fe122,0x3d9819210a31b4961b30ef54be2aed79b9c9cd3b,0,352020,23000001459,0xede4edd0000000000000000000000000b3319f5d18bc0d84dd1b4825dcde5d5f7266d407,0xede4edd0,exitMarket(address cTokenAddress),,7045411,1,248413,11561695,0,0x4814be124d7fe3b240eb46061f7ddfab468fe122
12128303,0xb8df32441569acb6ce9b191359ef8efb928ae356a03c9c6f69f450b3c103a26d,1616943440,0xc1deba9f66308373a7514d1894e26ecca8a3cca6dc017d5716d121ad660af14e,180,175,0x4814be124d7fe3b240eb46061f7ddfab468fe122,0x3d9819210a31b4961b30ef54be2aed79b9c9cd3b,0,322020,108000000000,0xede4edd00000000000000000000000005d3a536e4d6dbd6114cc1ead35777bab948e3643,0xede4edd0,exitMarket(address cTokenAddress),,10535981,1,223458,10875286,0,0x4814be124d7fe3b240eb46061f7ddfab468fe122
8318372,0x60e945208ce43a0f70ead57c76b38ea5e6414257e72a80af5d6950dbedcc922e,1565380505,0x3f6f5329b96515b1b547b7263e885506b34911cec66f24d53e8155cec566df08,67,139,0x4d997c89bc659a3e8452038a8101161e7e7e53a7,0x3d9819210a31b4961b30ef54be2aed79b9c9cd3b,0,450000,2000000000,0xc2998238000000000000000000000000000000000000000000000000000000000000002000000000000000000000000000000000000000000000000000000000000000070000000000000000000000006c8c6b02e7b2be14d4fa6022dfd6d75921d90e4e000000000000000000000000f5dce57282a584d2746faf1593d3121fcac444dc0000000000000000000000004ddc2d193948926d02f9b1fe9e1daa0718270ed5000000000000000000000000158079ee67fce2f58472a96584a73c7ab9ac95c100000000000000000000000039aa39c021dfbae8fac545936693ac917d5e7563000000000000000000000000c11b1268c1a384e55c48c2391d8d480264a3a7f4000000000000000000000000b3319f5d18bc0d84dd1b4825dcde5d5f7266d407,0xc2998238,enterMarkets(address[] cTokens),,7903713,1,389445,14685218,0,0x4d997c89bc659a3e8452038a8101161e7e7e53a7
11919700,0xbe1b2d00bac22d97f27cc5fde8a6980a4933a5ce1fff8ff25288b50b3cd0fcb1,1614167943,0x615ae7410e1da8bcbb3921be1ee49c6e74011ca73d29b5c0e97fa381bace5f89,11,168,0x612a3500559be7be7703de6dc397afb541a16f7f,0x3d9819210a31b4961b30ef54be2aed79b9c9cd3b,0,112020,114000000000,0xc29982380000000000000000000000000000000000000000000000000000000000000020000000000000000000000000000000000000000000000000000000000000000100000000000000000000000035a18000230da775cac24873d00ff85bccded550,0xc2998238,enterMarkets(address[] cTokens),,8495361,1,90842,11083891,0,0x612a3500559be7be7703de6dc397afb541a16f7f
11964952,0x01d0bbc1654b619b3c9b0b6181acb5589bc51d11d1c00488fea125defefc74b9,1614770217,0x137668cc0e99b76e1d4d0e709e7396d80cae4d3c5b501f515f730f243c817334,16,18,0x612a3500559be7be7703de6dc397afb541a16f7f,0x3d9819210a31b4961b30ef54be2aed79b9c9cd3b,0,92020,90000000000,0xc2998238000000000000000000000000000000000000000000000000000000000000002000000000000000000000000000000000000000000000000000000000000000010000000000000000000000004ddc2d193948926d02f9b1fe9e1daa0718270ed5,0xc2998238,enterMarkets(address[] cTokens),,894250,1,75854,11038639,0,0x612a3500559be7be7703de6dc397afb541a16f7f
11965008,0x4a98bc433193de9f337659e0331bd90d01c45daa7af2826aafa025bd388164d8,1614771010,0xf914ac5142a68b3826d8e4143925a5e1e2dae4d59acb27dd710e2618f98f71f0,19,131,0x612a3500559be7be7703de6dc397afb541a16f7f,0x3d9819210a31b4961b30ef54be2aed79b9c9cd3b,0,92020,83000000000,0xc299823800000000000000000000000000000000000000000000000000000000000000200000000000000000000000000000000000000000000000000000000000000001000000000000000000000000b3319f5d18bc0d84dd1b4825dcde5d5f7266d407,0xc2998238,enterMarkets(address[] cTokens),,11923880,1,75854,11038583,0,0x612a3500559be7be7703de6dc397afb541a16f7f
20341169,0x2a32a72eb9517a561c2f08f5ec7a8b21ca4bb3ae05751ffa2e8c7ea80d6046ad,1721399207,0xdeae182e06b1b224930ce891fbc5c6c42c76498ce2a4f6846788fd7c78955256,17,189,0x623af911f493747c216ad389c7805a37019c662d,0x3d9819210a31b4961b30ef54be2aed79b9c9cd3b,0,202020,11000000000,0x1c3db2e0000000000000000000000000623af911f493747c216ad389c7805a37019c662d0000000000000000000000000000000000000000000000000000000000000040000000000000000000000000000000000000000000000000000000000000000100000000000000000000000039aa39c021dfbae8fac545936693ac917d5e7563,0x1c3db2e0,"claimComp(address holder, address[] cTokens)",,12585229,1,136197,2662422,0,0x623af911f493747c216ad389c7805a37019c662d
9054657,0xf14f8cf8e25b07fd8dbcb3d6bb1a7e46521989d29f79e395605af02f1923d94f,1575545466,0xa1450587ba5785f321b42635fa05f1284a849ec436d825c1afd4f856ec339b29,57,94,0x70d8e4ab175dfe0eab4e9a7f33e0a2d19f44001e,0x3d9819210a31b4961b30ef54be2aed79b9c9cd3b,0,661896,7500000000,0xc2998238000000000000000000000000000000000000000000000000000000000000002000000000000000000000000000000000000000000000000000000000000000080000000000000000000000006c8c6b02e7b2be14d4fa6022dfd6d75921d90e4e0000000000000000000000005d3a536e4d6dbd6114cc1ead35777bab948e36430000000000000000000000004ddc2d193948926d02f9b1fe9e1daa0718270ed5000000000000000000000000158079ee67fce2f58472a96584a73c7ab9ac95c1000000000000000000000000f5dce57282a584d2746faf1593d3121fcac444dc00000000000000000000000039aa39c021dfbae8fac545936693ac917d5e7563000000000000000000000000c11b1268c1a384e55c48c2391d8d480264a3a7f4000000000000000000000000b3319f5d18bc0d84dd1b4825dcde5d5f7266d407,0xc2998238,enterMarkets(address[] cTokens),,6747446,1,440107,13948935,0,0x70d8e4ab175dfe0eab4e9a7f33e0a2d19f44001e
10124807,0xc72510d873f91f4a001ba6066062563428d45c29bc2994a2dbe1ad40c2a34cc3,1590272611,0x324fad5d39d4c7230197daed83addf19bd82e0c9610a39ae1229c108841d3515,422,22,0x70d8e4ab175dfe0eab4e9a7f33e0a2d19f44001e,0x3d9819210a31b4961b30ef54be2aed79b9c9cd3b,0,571896,11400000000,0xede4edd0000000000000000000000000c11b1268c1a384e55c48c2391d8d480264a3a7f4,0xede4edd0,exitMarket(address cTokenAddress),,1871292,1,347983,12878785,0,0x70d8e4ab175dfe0eab4e9a7f33e0a2d19f44001e
10145728,0xfd352d4013acdd224559fa05450a5d82f8a371561c67739d7b01b157e2c78283,1590554803,0xbe01e441a534fa55fe9eb46b4fff844201243a5d484aba79d4abee571d30a285,427,167,0x70d8e4ab175dfe0eab4e9a7f33e0a2d19f44001e,0x3d9819210a31b4961b30ef54be2aed79b9c9cd3b,0,521896,29990001235,0xede4edd0000000000000000000000000158079ee67fce2f58472a96584a73c7ab9ac95c1,0xede4edd0,exitMarket(address cTokenAddress),,9677771,1,316920,12857864,0,0x70d8e4ab175dfe0eab4e9a7f33e0a2d19f44001e
10146118,0x662acf6ae08511b21d6b3b36968c460b4c28e96eb38d53b3c9f5d01eac18815b,1590559655,0xb3279480278db474bb5f480207d10908c651e9c2e55781a556b205a74f5cf76f,430,178,0x70d8e4ab175dfe0eab4e9a7f33e0a2d19f44001e,0x3d9819210a31b4961b30ef54be2aed79b9c9cd3b,0,111896,32000000000,0xc299823800000000000000000000000000000000000000000000000000000000000000200000000000000000000000000000000000000000000000000000000000000001000000000000000000000000158079ee67fce2f58472a96584a73c7ab9ac95c1,0xc2998238,enterMarkets(address[] cTokens),,8452670,1,77530,12857474,0,0x70d8e4ab175dfe0eab4e9a7f33e0a2d19f44001e
16487907,0x809880e3454c7d2de735599bb25c6d252ab2cc4d6a4521de9a0db6cc3b736049,1674698879,0xef0a787239cc452b6195dc1b0e893b7037fbcf06745d92170b0c1886b4673bf5,469,127,0x70d8e4ab175dfe0eab4e9a7f33e0a2d19f44001e,0x3d9819210a31b4961b30ef54be2aed79b9c9cd3b,0,102020,14522274590,0xc29982380000000000000000000000000000000000000000000000000000000000000020000000000000000000000000000000000000000000000000000000000000000100000000000000000000000070e36f6bf80a52b3b46b3af8e106cc0ed743e8e4,0xc2998238,enterMarkets(address[] cTokens),,13170828,1,81543,6515685,0,0x70d8e4ab175dfe0eab4e9a7f33e0a2d19f44001e
12217827,0x3bc447678c84eec93cd5dc76c3d7da5d6ed67321c8aaeeed6c8cbf42d2a2e2eb,1618133468,0xc09edc187d374d3570a1ee2f70f4cab7df3bde07b8d375a4ae001a1afe9a770c,0,106,0x8be38ea2b22b706aef313c2de81f7d179024dd30,0x3d9819210a31b4961b30ef54be2aed79b9c9cd3b,0,112020,66000001347,0xc2998238000000000000000000000000000000000000000000000000000000000000002000000000000000000000000000000000000000000000000000000000000000010000000000000000000000004ddc2d193948926d02f9b1fe9e1daa0718270ed5,0xc2998238,enterMarkets(address[] cTokens),,9924481,1,90854,10785767,0,0x8be38ea2b22b706aef313c2de81f7d179024dd30
12217840,0x7ec0f01487a8ddac3b4190596ff9c05fc380bf1c6bfa7317bab20b0f25791f36,1618133676,0xec2b923d4a771d9648b347847918a8b5b7f7aef5ae4f23de291a6fa185e27209,1,83,0x8be38ea2b22b706aef313c2de81f7d179024dd30,0x3d9819210a31b4961b30ef54be2aed79b9c9cd3b,0,92020,66000001347,0xc29982380000000000000000000000000000000000000000000000000000000000000020000000000000000000000000000000000000000000000000000000000000000100000000000000000000000070e36f6bf80a52b3b46b3af8e106cc0ed743e8e4,0xc2998238,enterMarkets(address[] cTokens),,7952034,1,75854,10785754,0,0x8be38ea2b22b706aef313c2de81f7d179024dd30
12220159,0x2ff897d2570134636892c96c9702c35111abb10f2076508dfb8a0a040f684621,1618163770,0x8237df861921e8fc75aff82586774cdf5c69bfe056c0605ee7d1c9ff62b6599b,6,36,0x8be38ea2b22b706aef313c2de81f7d179024dd30,0x3d9819210a31b4961b30ef54be2aed79b9c9cd3b,0,92020,69000000000,0xc29982380000000000000000000000000000000000000000000000000000000000000020000000000000000000000000000000000000000000000000000000000000000100000000000000000000000039aa39c021dfbae8fac545936693ac917d5e7563,0xc2998238,enterMarkets(address[] cTokens),,2695195,1,75854,10783435,0,0x8be38ea2b22b706aef313c2de81f7d179024dd30
8326609,0xed7d0a8e56ba8ecf0ff046599bacd4702e8a58357a9799099158f83eeae3c3f5,1565490645,0xad0e04e3d8b2e13280a189ecc523f09e7f8c900f9d3d5422fb5961f8a256c58b,2,98,0x9a363adc5d382c04d36b09158286328f75672098,0x3d9819210a31b4961b30ef54be2aed79b9c9cd3b,0,447350,3050000000,0xc2998238000000000000000000000000000000000000000000000000000000000000002000000000000000000000000000000000000000000000000000000000000000070000000000000000000000006c8c6b02e7b2be14d4fa6022dfd6d75921d90e4e000000000000000000000000f5dce57282a584d2746faf1593d3121fcac444dc0000000000000000000000004ddc2d193948926d02f9b1fe9e1daa0718270ed5000000000000000000000000158079ee67fce2f58472a96584a73c7ab9ac95c100000000000000000000000039aa39c021dfbae8fac545936693ac917d5e7563000000000000000000000000c11b1268c1a384e55c48c2391d8d480264a3a7f4000000000000000000000000b3319f5d18bc0d84dd1b4825dcde5d5f7266d407,0xc2998238,enterMarkets(address[] cTokens),,4456976,1,389445,14676986,0,0x9a363adc5d382c04d36b09158286328f75672098
22842848,0xd3676290656d3515198ffca9824086e590b4696197a2c1d3e9e3efe57ea712fe,1751595863,0x5129980a50cd1a6f35027bfad72b2723f94695d929bc464602b07ddcc23e97b4,28,93,0x9ba0d85f71e145ccf15225e59631e5a883d5d74a,0x3d9819210a31b4961b30ef54be2aed79b9c9cd3b,0,119541,807375289,0xc2998238000000000000000000000000000000000000000000000000000000000000002000000000000000000000000000000000000000000000000000000000000000010000000000000000000000004ddc2d193948926d02f9b1fe9e1daa0718270ed5,0xc2998238,enterMarkets(address[] cTokens),,12708398,1,98643,160747,0,0x9ba0d85f71e145ccf15225e59631e5a883d5d74a
11676242,0xd1949dceac1564cb0335ab34e04c59a140429d6ee50679ef1306df0b4e1e7589,1610933039,0x4f276faa0ec2cc7fa5f209bc7203badf05a1ea29ab697881ed1a751ee17ad34e,163,19,0xa7f3c74f0255796fd5d3ddcf88db769f7a6bf46a,0x3d9819210a31b4961b30ef54be2aed79b9c9cd3b,0,112020,43000000000,0xc2998238000000000000000000000000000000000000000000000000000000000000002000000000000000000000000000000000000000000000000000000000000000010000000000000000000000005d3a536e4d6dbd6114cc1ead35777bab948e3643,0xc2998238,enterMarkets(address[] cTokens),,1244616,1,90854,11327353,0,0xa7f3c74f0255796fd5d3ddcf88db769f7a6bf46a
11936214,0x4081dfa1b401389d3a68a89f0906b2cb1e9fc7bdec55cfb3fe9113c0c41c955f,1614386808,0x5a51da54cbb3edfa293faa91945d7abbf417747202d8cb991b5443b4d29e7aa7,186,99,0xa7f3c74f0255796fd5d3ddcf88db769f7a6bf46a,0x3d9819210a31b4961b30ef54be2aed79b9c9cd3b,0,252020,100000000000,0x1c3db2e0000000000000000000000000a7f3c74f0255796fd5d3ddcf88db769f7a6bf46a000000000000000000000000000000000000000000000000000000000000004000000000000000000000000000000000000000000000000000000000000000010000000000000000000000004ddc2d193948926d02f9b1fe9e1daa0718270ed5,0x1c3db2e0,"claimComp(address holder, address[] cTokens)",,12048328,1,144042,11067381,0,0xa7f3c74f0255796fd5d3ddcf88db769f7a6bf46a
11096283,0xe0ceb413c02fa0428c58ade7d738f2c90a3891489be52e18d5ea2f42a69ec1df,1603240544,0xfb439d33300610e134cd7ee9e7beb66b5470f99615376ca0b9bf43e5695220dd,60,129,0xcbbd9fe837a14258286bbf2e182cbc4e4518c5a3,0x3d9819210a31b4961b30ef54be2aed79b9c9cd3b,0,112020,39930000256,0xc2998238000000000000000000000000000000000000000000000000000000000000002000000000000000000000000000000000000000000000000000000000000000010000000000000000000000004ddc2d193948926d02f9b1fe9e1daa0718270ed5,0xc2998238,enterMarkets(address[] cTokens),,9921906,1,92609,11907313,0,0xcbbd9fe837a14258286bbf2e182cbc4e4518c5a3
12332620,0xf4fcfa4291cb51f0949b69a4568a6652de5b9b07e542138f556cc15c1bca99b8,1619662196,0x1408354a01141805534265244d0b061b6c9ef3eecbe7986b5beee2bf1c4b610a,94,111,0xcbbd9fe837a14258286bbf2e182cbc4e4518c5a3,0x3d9819210a31b4961b30ef54be2aed79b9c9cd3b,0,167350,42900000000,0x1c3db2e0000000000000000000000000cbbd9fe837a14258286bbf2e182cbc4e4518c5a3000000000000000000000000000000000000000000000000000000000000004000000000000000000000000000000000000000000000000000000000000000010000000000000000000000004ddc2d193948926d02f9b1fe9e1daa0718270ed5,0x1c3db2e0,"claimComp(address holder, address[] cTokens)",,7488306,1,110219,10670976,0,0xcbbd9fe837a14258286bbf2e182cbc4e4518c5a3
10399481,0xe71fc783c17d9c36fb942bcda6dd1dab609a0abbdb8af1372a59a23cd7968abb,1593953451,0x3f4831aa50110cdb1761ff414b320bf524a66925dacfd0b8764ce0624ed168c7,18,171,0xf10fd8921019615a856c1e95c7cd3632de34edc4,0x3d9819210a31b4961b30ef54be2aed79b9c9cd3b,0,142020,31000000000,0xc299823800000000000000000000000000000000000000000000000000000000000000200000000000000000000000000000000000000000000000000000000000000001000000000000000000000000b3319f5d18bc0d84dd1b4825dcde5d5f7266d407,0xc2998238,enterMarkets(address[] cTokens),,11357521,1,92587,12604117,0,0xf10fd8921019615a856c1e95c7cd3632de34edc4
12071304,0xc74aa1f2ff1f964b0fe8587208c6955e4ca5098216330b2bfa31ecf595260001,1616184865,0xe530c9b3bdd68e7b4ed4757424b7e7dfd43f26c2da01e17075ea67ed5425290b,0,92,0xf340b9f2098f80b86fbc5ede586c319473aa11f3,0x3d9819210a31b4961b30ef54be2aed79b9c9cd3b,0,112020,145000000000,0xc2998238000000000000000000000000000000000000000000000000000000000000002000000000000000000000000000000000000000000000000000000000000000010000000000000000000000004ddc2d193948926d02f9b1fe9e1daa0718270ed5,0xc2998238,enterMarkets(address[] cTokens),,10153092,1,90854,10932294,0,0xf340b9f2098f80b86fbc5ede586c319473aa11f3
